ai,gen,hana,learn,requirement,sap,studying,ui5,want
0.0,0.0,0.0,0.4804583972923858,0.0,0.3731188059313277,0.0,0.6317450542765208,0.4804583972923858
0.5340933749435833,0.5340933749435833,0.0,0.4061917781433946,0.0,0.3154441510317797,0.0,0.0,0.4061917781433946
0.0,0.0,0.546454011634009,0.0,0.546454011634009,0.3227445421804912,0.546454011634009,0.0,0.0
